item_id,order_id,product_id,quantity,unit_price,discount_percent
1,536,67,4,9723.8,19.28
2,317,471,2,10241.79,31.57
3,654,338,5,17326.07,14.54
4,278,536,5,10829.17,3.18
5,263,42,2,15593.5,9.8
6,273,311,1,2977.14,36.7
7,234,75,5,18480.95,35.27
8,120,441,4,18496.59,8.6
9,115,1,4,11082.45,32.23
10,417,271,4,20988.88,19.33
11,255,7,5,4692.56,4.46
12,522,351,2,25294.28,26.92
13,552,544,2,8785.65,8.53
14,702,176,5,12891.27,12.95
15,625,276,3,18583.56,26.14
16,270,316,3,8458.93,29.07
17,403,468,1,25051.21,38.75
18,20,392,2,8190.75,11.79
19,574,492,2,5546.59,10.96
20,608,385,1,5479.41,38.39
21,58,76,3,22112.84,11.37
22,794,336,2,12567.07,22.96
23,782,322,5,2495.35,0.87
24,370,204,4,10938.17,12.85
25,721,499,5,12600.19,4.77
26,852,335,5,27412.34,39.83
27,504,545,3,17858.93,22.61
28,526,442,1,2515.78,26.01
29,477,443,2,17362.85,25.91
30,412,229,1,4464.42,0.34
31,787,157,4,20783.96,32.86
32,152,357,2,4471.94,37.78
33,336,223,2,7411.02,6.53
34,28,214,4,22093.6,1.02
35,458,529,2,4035.06,32.58
36,775,93,4,6790.54,39.81
37,369,103,5,10305.04,0.29
38,318,400,4,21231.26,9.17
39,17,10,3,4100.67,1.81
40,160,381,4,19257.7,32.1
41,844,374,2,21848.81,6.06
42,113,329,1,5694.49,25.01
43,27,538,4,8764.12,36.54
44,103,550,2,26205.42,4.5
45,878,375,1,22143.15,36.12
46,685,147,4,12299.15,22.85
47,85,309,4,18395.61,9.99
48,474,384,5,9848.48,10.67
49,594,15,1,22169.75,25.28
50,35,416,2,9334.98,22.88
51,220,346,3,31572.88,11.17
52,191,270,4,16484.06,3.86
53,375,303,1,2622.79,9.09
54,356,524,4,4387.64,38.65
55,861,544,1,15722.43,21.02
56,820,170,5,3106.77,21.23
57,880,411,2,1364.89,16.96
58,535,320,4,13140.06,113.32
59,752,249,1,19906.21,5.75
60,164,144,4,31093.1,14.02
61,127,12,5,22329.01,17.74
62,534,466,1,18753.21,9.29
63,160,478,3,6887.95,1.64
64,173,372,4,14517.27,4.12
65,871,283,4,23891.92,34.61
66,656,498,4,17143.79,14.27
67,507,385,4,16282.1,31.24
68,892,98,4,2330.8,33.53
69,783,356,5,21959.45,16.87
70,451,443,5,22183.08,15.95
71,27,468,-2,25837.29,3.95
72,260,270,3,10224.57,11.07
73,165,512,5,5729.49,30.13
74,342,93,5,3147.08,9.1
75,321,449,2,11196.24,34.24
76,773,304,2,21710.33,23.27
77,552,415,5,28267.89,3.62
78,150,301,5,21389.28,15.41
79,85,507,2,6611.97,21.92
80,712,22,2,9730.81,32.46
81,495,410,4,15219.28,7.69
82,397,328,3,26240.89,14.81
83,79,99,2,19747.24,28.1
84,804,230,4,9515.98,33.05
85,589,460,4,4995.82,17.45
86,59,259,4,24137.14,27.28
87,746,463,5,5485.03,37.71
88,714,323,3,24837.84,20.32
89,625,166,3,12774.79,2.84
90,255,97,2,11255.12,37.15
91,588,319,4,4804.11,18.98
92,725,84,3,24925.43,16.06
93,770,173,-3,7819.46,39.28
94,542,177,3,19997.16,36.21
95,636,182,5,19718.77,34.88
96,724,124,2,29566.33,17.8
97,320,159,1,17116.22,20.74
98,346,253,5,1838.0,37.76
99,246,102,4,29626.41,14.33
100,94,206,3,18595.39,28.09
101,139,504,2,10918.45,16.17
102,575,541,4,22374.4,30.83
103,193,50,3,8882.72,22.85
104,49,521,4,24289.49,2.1
105,183,75,1,21672.33,38.0
106,508,5,-5,30435.11,8.24
107,676,46,3,19130.44,33.06
108,614,210,3,20994.02,22.82
109,670,195,3,26766.51,32.94
110,500,229,1,14403.18,27.84
111,118,408,4,23455.47,6.69
112,294,89,5,5847.7,15.8
113,510,189,5,18209.67,4.37
114,711,516,2,23930.46,29.53
115,194,180,3,6504.04,6.11
116,206,200,1,4779.5,11.67
117,739,326,4,3199.97,21.14
118,702,147,5,12312.3,6.8
119,701,37,-4,24287.99,15.5
120,76,244,4,13563.43,11.3
121,628,294,4,6710.29,18.17
122,179,148,4,17163.14,14.72
123,421,416,5,5630.12,5.0
124,428,543,4,9459.81,14.54
125,223,419,5,23210.26,26.37
126,315,423,2,20446.53,18.09
127,223,212,2,786.21,17.27
128,684,325,5,4225.36,23.0
129,889,100,4,27463.11,24.49
130,88,219,1,18522.1,37.26
131,68,104,3,9285.28,19.0
132,164,481,2,17021.23,36.41
133,288,139,2,24675.28,5.87
134,485,187,2,11889.86,39.51
135,21,308,5,5453.21,3.4
136,154,507,2,1865.35,28.46
137,605,25,2,24713.06,20.54
138,171,470,2,8220.02,39.85
139,341,205,2,10115.56,0.43
140,390,417,3,23761.83,32.13
141,136,87,3,29026.46,10.67
142,327,67,-1,4159.3,30.48
143,821,73,0,19867.47,0.54
144,642,143,4,1461.13,26.6
145,764,52,2,7235.98,0.15
146,397,481,5,17414.62,28.33
147,693,194,1,8085.3,3.18
148,720,304,2,18379.95,39.68
149,519,258,2,16099.72,29.42
150,166,457,1,9051.89,2.42
151,763,68,3,19310.94,14.46
152,745,195,4,11711.25,14.82
153,175,413,3,25491.77,12.97
154,476,391,2,26897.81,37.99
155,648,189,-3,14074.88,26.47
156,17,285,2,19754.52,19.89
157,499,109,4,1426.43,6.39
158,332,14,5,14127.33,37.73
159,647,383,3,9058.13,4.87
160,885,335,5,6440.03,17.88
161,893,131,4,6738.3,23.09
162,801,20,2,14116.57,32.53
163,160,273,2,19262.49,19.64
164,399,4,3,5739.6,31.11
165,845,550,5,14213.78,12.8
166,831,517,5,12910.56,2.42
167,810,432,1,14066.5,11.84
168,477,281,2,8557.68,6.28
169,203,335,4,1654.12,12.91
170,378,36,4,9730.65,25.85
171,332,70,5,11295.13,28.91
172,105,72,2,9515.77,14.28
173,559,460,4,18634.31,6.2
174,782,231,3,17527.41,27.34
175,44,406,2,8208.09,5.51
176,784,214,1,14098.23,22.0
177,945,550,1,4534.78,35.94
178,643,263,3,19058.18,15.54
179,335,525,4,20327.96,1.15
180,210,306,1,24321.33,37.32
181,691,259,5,13461.04,2.17
182,25,336,2,10554.94,8.25
183,401,255,2,14555.12,23.87
184,110,391,1,9408.49,37.87
185,164,428,3,2428.61,16.93
186,305,210,1,17901.62,37.21
187,652,467,1,23573.91,6.98
188,594,67,3,4143.04,19.19
189,387,65,4,30222.85,7.0
190,898,193,3,22997.24,10.69
191,459,238,1,14935.31,17.41
192,761,381,3,11513.48,32.83
193,554,152,3,24366.91,14.88
194,770,368,5,4217.66,3.46
195,462,350,2,4219.93,36.73
196,852,430,5,2863.5,8.23
197,514,233,0,5096.9,37.38
198,807,403,1,12450.93,14.93
199,360,1,1,24731.08,6.23
200,517,215,4,11489.0,38.0
201,99,74,-2,16799.04,4.84
202,464,384,4,8172.27,0.42
203,439,360,4,10629.81,27.16
204,718,503,4,30081.16,16.91
205,390,97,4,6720.84,10.09
206,768,222,5,24800.05,12.39
207,98,186,2,2029.71,1.13
208,714,463,5,12194.54,23.43
209,167,498,5,4919.79,6.19
210,397,506,2,16298.18,7.31
211,456,449,1,15498.64,29.61
212,814,35,1,10336.55,14.73
213,571,250,1,13350.9,37.95
214,897,383,1,28126.92,26.59
215,490,401,2,6359.75,1.59
216,62,250,1,4615.47,144.14
217,821,73,4,14272.72,6.9
218,131,253,2,16595.6,20.54
219,424,329,3,1539.73,16.26
220,29,522,3,4353.55,34.68
221,662,428,2,13011.07,19.89
222,87,350,2,16180.16,11.1
223,549,141,3,22725.8,19.51
224,94,296,3,26846.25,2.52
225,234,531,3,24664.15,13.94
226,286,303,4,18694.52,24.52
227,703,299,5,3609.3,18.51
228,211,278,3,16237.51,19.88
229,471,403,2,11485.57,4.98
230,194,431,3,6593.64,39.63
231,53,371,4,5776.34,15.48
232,56,434,1,21735.26,10.74
233,677,226,1,7138.13,28.78
234,585,176,5,24122.86,0.92
235,845,277,5,30958.86,3.65
236,128,110,4,4678.31,6.63
237,688,419,5,25718.55,17.85
238,454,504,4,5596.28,0.92
239,897,148,-3,6364.44,15.52
240,616,298,4,9158.69,8.72
241,389,23,4,1840.62,22.53
242,354,235,1,6324.01,36.37
243,267,38,2,6820.17,20.69
244,374,82,2,1567.35,3.7
245,262,171,3,11462.32,34.84
246,238,181,5,23162.5,31.37
247,482,104,2,1790.83,7.82
248,802,192,1,12891.1,14.76
249,9,139,2,1449.3,0.83
250,481,466,2,10747.79,14.69
251,113,472,2,201.46,2.68
252,502,533,4,16553.25,35.55
253,621,38,4,11818.46,16.31
254,615,499,3,710.44,15.3
255,17,406,2,19083.76,30.35
256,17,134,4,5525.65,28.52
257,53,396,2,15313.38,11.82
258,894,491,5,21214.43,22.06
259,340,26,5,7569.64,5.84
260,646,377,1,7079.95,24.52
261,530,519,4,11906.3,20.56
262,158,202,4,3286.21,29.26
263,394,428,2,18019.16,38.14
264,514,39,5,4103.3,8.42
265,495,471,2,2725.83,36.99
266,351,339,3,26008.11,10.32
267,335,23,5,6144.23,23.75
268,279,264,5,13158.98,39.65
269,152,518,2,17904.9,36.21
270,761,68,5,28946.02,6.5
271,59,242,4,3384.09,1.22
272,504,169,4,15474.85,33.98
273,613,439,4,4258.86,3.29
274,95,376,0,29379.5,7.1
275,847,85,5,33915.91,12.39
276,913,539,2,6416.95,19.61
277,628,509,1,14967.37,6.3
278,706,522,4,9016.28,27.8
279,670,216,4,16009.57,31.77
280,153,153,1,13784.83,4.71
281,290,310,3,21570.34,17.41
282,215,259,1,21862.2,13.8
283,833,433,4,22101.97,17.98
284,770,343,-2,11130.28,38.17
285,322,10,5,12326.0,36.29
286,729,217,0,11447.62,19.31
287,697,202,5,24633.73,21.15
288,749,292,4,11588.99,11.61
289,418,237,1,20274.03,37.16
290,855,261,4,17456.81,34.09
291,5,281,1,2297.33,103.34
292,560,53,1,8518.15,31.79
293,595,337,5,13016.96,9.39
294,672,265,4,3118.13,37.86
295,300,296,4,19073.05,29.17
296,556,68,1,29772.95,4.86
297,814,548,3,20709.92,18.05
298,126,194,5,10999.07,31.56
299,257,165,5,4204.06,3.46
300,707,443,4,8692.31,14.06
301,525,69,4,25388.61,25.5
302,763,38,4,24149.94,12.89
303,4,323,1,27117.96,25.95
304,88,349,1,11107.37,4.66
305,831,308,3,3339.35,17.03
306,141,373,4,21177.57,33.99
307,316,538,-4,25100.95,13.11
308,873,218,1,5371.24,13.35
309,81,305,3,2825.81,30.19
310,674,276,4,20270.62,36.75
311,141,110,-5,9948.56,1.7
312,606,18,2,23467.42,25.94
313,747,536,2,13390.93,27.3
314,591,541,2,9676.18,17.19
315,140,431,5,21494.15,10.77
316,620,123,1,6406.9,10.12
317,255,224,1,9742.92,1.86
318,116,148,2,4800.56,0.55
319,664,207,3,14432.98,26.38
320,150,281,3,13098.48,37.87
321,930,424,2,6519.88,2.38
322,295,466,3,1816.48,18.93
323,660,226,2,4419.52,19.07
324,137,149,2,14291.73,39.46
325,739,21,3,16121.47,26.33
326,110,543,3,28398.72,38.31
327,643,350,-5,11537.7,13.1
328,199,412,3,6091.43,27.84
329,617,345,3,1331.13,7.85
330,778,141,3,2600.74,22.5
331,888,452,4,29671.91,2.9
332,227,288,2,3706.16,0.47
333,461,550,1,24390.25,4.75
334,780,502,4,411.89,26.29
335,222,358,3,225.19,9.17
336,772,177,-2,8907.19,25.09
337,240,232,2,19287.93,5.31
338,33,65,2,13919.44,30.44
339,163,87,1,13159.18,7.0
340,217,544,4,17548.77,32.5
341,606,221,5,17994.31,6.3
342,436,21,4,18057.0,8.57
343,303,56,5,3156.08,23.26
344,718,55,1,22650.33,25.99
345,552,55,2,2262.18,34.33
346,348,211,1,9746.72,5.45
347,809,330,1,14800.4,2.86
348,698,32,-3,15126.32,31.2
349,169,55,5,13034.49,19.23
350,59,517,-5,3560.96,14.13
351,771,503,2,13327.39,24.01
352,787,42,2,10566.33,24.87
353,479,91,5,16347.8,35.43
354,529,234,2,9345.82,9.43
355,379,41,3,16186.78,23.07
356,55,18,2,24526.37,22.33
357,798,402,5,3092.76,10.71
358,542,182,5,27034.85,10.46
359,486,275,2,1687.61,30.55
360,690,315,4,17600.62,6.83
361,163,107,4,10814.65,28.89
362,797,364,4,13186.6,11.67
363,383,192,1,13480.69,28.84
364,887,526,1,24599.79,12.31
365,835,183,1,16092.42,14.73
366,283,59,2,1499.26,2.46
367,299,323,2,8569.99,14.2
368,126,478,2,13951.63,3.6
369,807,222,1,4578.85,23.73
370,660,518,2,2465.71,1.39
371,336,9,1,18028.5,16.29
372,190,131,1,3774.8,4.27
373,537,123,2,24611.32,25.47
374,426,79,5,22078.85,24.39
375,73,543,5,6418.89,4.35
376,859,518,2,21379.78,6.82
377,246,302,3,16790.33,10.21
378,549,405,1,13131.21,31.12
379,810,44,5,819.85,5.15
380,896,28,5,21234.21,15.91
381,702,349,3,6605.34,38.11
382,838,147,5,12457.8,19.42
383,538,541,3,394.14,9.68
384,799,418,3,11338.32,36.51
385,240,49,5,19174.93,26.68
386,579,262,1,28437.56,7.27
387,170,385,5,18670.9,25.04
388,673,468,5,16710.51,29.84
389,535,106,5,3765.8,25.47
390,791,111,3,20674.68,34.27
391,800,57,2,14748.05,38.76
392,717,32,5,28559.36,4.71
393,179,371,3,9735.64,9.12
394,533,418,5,29343.03,39.24
395,121,368,5,4289.73,21.97
396,151,222,3,13226.89,22.92
397,494,345,1,18042.22,5.83
398,769,522,2,18878.92,5.96
399,42,401,2,14432.35,0.26
400,399,198,1,2768.07,15.49
401,343,301,1,8295.21,21.11
402,75,454,3,5910.61,7.09
403,643,289,3,11595.49,0.67
404,60,141,4,3443.45,30.52
405,569,69,4,30526.72,36.91
406,270,92,5,15259.13,38.81
407,322,476,2,19335.67,16.05
408,870,433,2,5358.31,6.54
409,526,224,3,3399.39,22.94
410,684,145,3,10600.91,38.45
411,302,105,1,17841.64,2.12
412,548,77,2,19128.98,19.99
413,166,532,4,6611.43,33.09
414,430,437,5,14309.88,31.38
415,238,419,5,21008.03,20.61
416,235,439,4,18846.61,31.42
417,122,151,1,25246.59,9.44
418,16,358,1,5756.04,26.36
419,164,108,4,29639.84,0.59
420,415,408,1,4880.78,6.97
421,774,296,1,19576.64,27.27
422,889,236,2,28210.27,34.03
423,556,346,5,9727.32,38.76
424,625,37,1,13884.81,18.07
425,452,192,2,11418.43,17.9
426,631,507,4,28174.91,2.54
427,505,133,2,21181.79,17.46
428,591,244,1,17574.92,132.53
429,713,340,1,21852.85,30.22
430,583,275,1,20561.06,7.04
431,537,253,5,5591.78,33.06
432,137,106,5,23800.28,33.21
433,169,352,3,4759.16,28.9
434,590,105,5,16330.49,13.73
435,517,333,4,20002.47,25.83
436,329,525,3,4005.44,7.77
437,77,342,1,23820.21,6.59
438,276,335,1,14575.94,12.3
439,208,538,2,18644.23,32.7
440,818,112,3,17147.91,10.63
441,789,537,1,27019.24,15.32
442,62,357,0,13521.92,14.44
443,141,519,5,8654.72,17.13
444,773,287,4,14381.48,5.53
445,348,183,4,16932.23,12.69
446,312,7,1,4627.36,17.12
447,44,135,3,28163.69,25.89
448,846,209,1,1176.79,117.66
449,436,396,2,17727.07,11.37
450,734,452,4,27356.33,37.47
451,300,378,2,17349.94,33.84
452,72,130,2,19597.9,4.23
453,147,533,1,21273.53,2.36
454,269,532,2,14366.33,0.97
455,682,273,2,10005.84,12.83
456,389,465,5,20095.6,24.74
457,674,481,1,2925.04,7.27
458,469,191,2,19676.31,8.69
459,30,176,2,13971.72,36.39
460,751,243,3,18162.94,25.61
461,333,274,2,24763.42,21.61
462,501,21,4,8368.67,8.75
463,268,458,5,5363.67,24.45
464,869,480,-4,10388.06,17.61
465,510,532,2,13459.43,13.08
466,153,193,1,1396.06,29.17
467,514,449,5,12879.95,27.44
468,216,42,3,21665.4,9.47
469,285,113,2,15520.49,32.59
470,356,153,2,2926.53,22.82
471,172,524,5,6571.65,3.7
472,627,118,1,11402.49,3.31
473,50,420,2,25928.78,34.67
474,677,133,1,13432.32,3.57
475,43,255,1,17799.26,26.47
476,638,184,2,14477.07,17.26
477,898,292,3,2236.27,30.57
478,572,154,5,28235.85,0.35
479,385,68,5,12170.04,39.78
480,754,18,2,18279.36,13.81
481,235,397,1,13482.92,37.41
482,134,494,1,4874.67,29.71
483,433,63,5,16055.65,19.79
484,739,544,4,25377.42,16.49
485,110,293,3,300.01,35.14
486,61,463,5,19769.13,38.26
487,806,177,1,9699.33,31.14
488,258,122,1,2066.15,103.16
489,527,409,-2,2598.55,31.7
490,93,459,4,14893.46,20.67
491,607,464,1,1077.89,18.54
492,56,283,2,26526.81,32.52
493,205,541,2,10538.5,0.7
494,458,206,4,9772.07,8.18
495,161,362,4,4421.12,35.59
496,538,436,2,8974.48,1.28
497,339,128,1,22094.51,2.02
498,39,277,3,20393.97,37.66
499,323,305,1,1304.05,10.22
500,613,475,4,2045.59,19.71
501,702,102,4,8766.54,11.7
502,497,448,1,17697.33,9.93
503,755,457,5,31458.81,23.31
504,69,479,3,701.5,39.52
505,472,29,5,19370.81,16.43
506,677,379,1,2688.41,21.83
507,769,115,5,3324.19,31.2
508,456,73,5,1250.63,11.59
509,409,535,3,24428.71,4.81
510,239,27,4,1645.09,37.3
511,48,88,3,9511.14,33.7
512,413,170,1,7927.7,19.99
513,434,489,5,19953.57,15.68
514,52,434,5,17586.42,10.35
515,438,230,5,17463.12,11.36
516,387,47,4,6110.39,26.35
517,432,440,3,19698.66,21.87
518,464,365,2,4224.07,22.43
519,249,228,4,23328.5,0.01
520,410,155,5,13602.66,17.44
521,771,220,5,10410.89,24.93
522,116,210,2,30306.08,23.99
523,111,261,4,1255.97,13.67
524,524,310,3,26197.38,36.4
525,269,427,1,7275.12,34.92
526,65,55,4,19969.44,2.61
527,560,149,5,18364.44,0.11
528,82,404,4,18226.22,31.49
529,272,451,5,14559.47,36.61
530,519,51,3,21728.47,13.09
531,629,391,5,11955.58,27.5
532,46,405,1,14067.3,29.13
533,322,8,2,8184.87,13.11
534,609,301,5,6108.64,21.21
535,385,52,3,12577.83,22.27
536,447,454,1,12478.27,12.59
537,30,436,3,13732.01,7.69
538,878,429,3,4790.16,31.33
539,297,436,4,360.37,13.88
540,192,486,2,21959.52,31.93
541,138,95,5,25307.02,3.16
542,873,550,3,15929.72,15.53
543,486,367,4,2276.33,22.35
544,805,436,3,3686.84,16.34
545,748,234,2,12781.18,9.15
546,714,173,4,21058.58,18.45
547,272,260,2,12967.0,22.3
548,771,479,3,9391.56,17.17
549,150,451,1,13082.63,6.17
550,755,408,4,13713.23,32.62
551,249,174,2,12186.53,34.7
552,487,253,1,12460.99,33.87
553,262,516,2,23002.88,31.71
554,274,107,2,25474.21,12.22
555,733,177,4,8555.36,36.2
556,261,371,3,16142.09,33.03
557,487,329,2,15646.67,4.29
558,611,436,5,25091.31,26.44
559,541,493,2,28096.65,23.95
560,137,92,1,1385.65,5.5
561,613,232,4,16061.94,5.29
562,167,512,2,13968.05,39.03
563,837,218,5,16388.17,34.68
564,125,396,-1,18680.28,35.56
565,389,493,1,24382.47,26.86
566,125,241,1,2230.65,15.35
567,297,432,2,15198.88,20.41
568,785,101,2,17638.97,34.65
569,204,338,1,9522.44,141.05
570,603,400,1,23694.26,1.84
571,95,231,4,28638.84,3.46
572,2,481,5,5821.45,32.72
573,630,548,5,4469.3,21.93
574,579,533,2,14349.34,0.62
575,580,380,5,11616.37,19.41
576,440,130,4,12545.92,35.87
577,90,390,3,18255.35,20.88
578,81,473,1,24070.88,22.87
579,523,304,1,3722.09,28.24
580,190,413,1,3270.71,25.8
581,447,271,2,13784.91,13.37
582,376,47,2,20868.71,27.24
583,799,19,1,27746.91,33.78
584,51,176,4,1393.24,13.69
585,140,287,4,18445.85,36.78
586,92,430,5,3078.53,28.68
587,556,61,-3,14123.17,31.45
588,589,89,1,20398.64,35.44
589,438,140,1,1393.2,32.68
590,34,89,4,29505.97,0.18
591,588,535,5,21585.46,9.08
592,608,119,2,25146.86,5.26
593,751,55,5,17585.07,5.65
594,790,413,1,15785.62,6.15
595,188,248,3,6591.34,31.63
596,156,199,1,12403.98,21.83
597,225,326,3,30491.13,20.14
598,392,455,3,14920.45,1.9
599,722,188,3,5041.58,3.2
600,10,317,5,19298.25,12.98
601,683,398,1,17152.19,3.33
602,704,182,3,15822.72,17.81
603,25,86,5,20959.65,32.7
604,1,61,2,7537.35,31.4
605,881,356,1,6363.05,8.58
606,671,505,5,6334.61,24.71
607,454,375,2,17418.82,37.23
608,237,312,1,6894.76,11.51
609,13,47,5,6051.36,5.04
610,716,345,3,31143.45,25.07
611,632,151,5,12150.02,9.75
612,398,439,1,861.14,37.62
613,845,248,1,23817.32,19.1
614,513,384,2,9497.46,26.49
615,932,357,4,7115.86,6.29
616,75,261,4,10732.35,15.65
617,63,72,5,17915.54,31.57
618,807,153,1,7031.69,33.56
619,424,140,-2,12994.34,4.67
620,7,462,3,24965.22,18.26
621,580,237,1,13403.15,30.84
622,247,80,2,12653.1,5.66
623,475,232,5,25569.51,4.58
624,913,70,4,16867.53,25.88
625,538,109,5,3128.86,0.17
626,516,475,5,9531.74,3.26
627,482,243,1,21041.62,28.35
628,784,492,5,5261.18,39.16
629,823,173,3,15748.46,2.14
630,489,235,1,20884.23,11.78
631,160,538,1,4233.31,11.15
632,68,14,3,16536.05,28.04
633,650,450,1,3740.02,5.97
634,871,96,1,3594.07,1.66
635,49,237,4,26471.25,33.0
636,451,24,3,22697.91,24.44
637,613,544,1,3895.02,24.32
638,805,167,2,8894.1,32.85
639,84,378,2,13843.57,0.56
640,428,157,4,15337.78,35.64
641,525,38,3,6921.94,11.48
642,442,9,2,10425.89,7.54
643,620,91,4,20618.93,15.41
644,151,329,4,13553.05,29.55
645,155,101,5,15233.03,38.2
646,418,390,2,13919.02,28.45
647,206,192,2,15190.5,38.5
648,683,247,5,895.31,37.97
649,724,400,5,28586.39,39.21
650,578,275,4,24319.47,23.47
651,651,403,2,22244.41,14.83
652,746,182,5,3351.6,17.24
653,379,90,1,9857.67,37.47
654,190,458,5,7102.03,14.85
655,874,122,1,17469.27,5.47
656,395,162,3,6706.55,10.59
657,837,469,3,9893.86,32.38
658,698,172,1,18617.91,4.88
659,124,287,5,6577.03,22.28
660,181,50,5,15127.08,33.77
661,199,350,2,13489.54,27.07
662,841,200,4,11096.27,17.2
663,115,450,1,27180.23,30.53
664,65,496,3,29721.72,39.36
665,183,28,1,3629.69,26.5
666,233,507,1,23747.39,15.92
667,36,28,2,11375.99,28.37
668,191,219,4,11759.18,28.77
669,152,295,4,4604.68,35.74
670,486,36,2,13804.96,9.07
671,94,124,5,24485.39,7.5
672,827,228,2,3464.74,19.66
673,572,269,2,17660.04,19.72
674,265,222,4,33273.54,10.51
675,157,158,2,7529.44,25.39
676,687,363,5,4960.68,39.63
677,387,491,5,12743.7,14.86
678,251,242,1,2297.0,27.35
679,686,74,5,476.37,26.13
680,395,375,1,18707.87,15.97
681,322,69,4,24059.81,22.75
682,439,18,3,12266.34,36.73
683,687,190,4,7788.33,12.84
684,909,509,1,13754.11,6.33
685,747,414,2,11689.61,22.86
686,581,496,4,10248.28,18.98
687,818,544,2,26786.26,27.0
688,487,317,4,16104.66,37.44
689,618,343,4,18222.8,38.15
690,128,388,2,11937.23,33.69
691,290,476,4,3802.32,0.28
692,317,92,4,8282.26,17.91
693,207,251,3,752.93,10.28
694,716,476,2,16502.1,39.0
695,113,380,5,6063.72,27.84
696,924,241,3,14646.39,18.51
697,874,403,3,8634.12,22.38
698,289,300,4,28992.57,30.15
699,315,251,1,18708.17,4.85
700,249,271,3,18375.95,9.06
701,778,489,5,4086.2,23.73
702,224,162,5,2337.18,23.31
703,9,491,5,19167.39,6.93
704,873,136,2,25893.14,16.51
705,129,152,1,28315.91,17.31
706,229,473,1,3041.62,14.23
707,403,483,5,22913.64,13.23
708,569,306,1,8481.96,37.78
709,713,210,4,1344.02,37.38
710,188,469,4,4937.1,5.43
711,272,406,-1,15866.48,18.03
712,554,145,1,20145.8,37.98
713,288,499,5,17696.72,32.19
714,293,550,3,5051.98,8.31
715,855,186,1,10565.33,24.38
716,345,140,2,4997.22,39.76
717,339,480,1,6892.89,9.19
718,752,490,4,12460.08,32.63
719,356,81,3,7212.52,6.94
720,178,135,5,4735.39,19.51
721,554,17,1,20124.83,32.38
722,735,424,2,14652.77,2.08
723,266,508,5,16137.06,4.06
724,267,369,5,1654.04,34.49
725,233,66,4,20192.49,25.16
726,325,520,5,21781.33,15.77
727,151,103,4,17869.58,22.94
728,89,426,1,31050.46,1.68
729,761,231,1,1222.43,32.98
730,361,113,5,24262.83,7.13
731,177,22,4,4787.73,9.99
732,297,392,1,19106.41,12.82
733,197,19,1,7610.3,8.09
734,861,11,5,26035.54,0.47
735,629,459,5,21636.29,30.64
736,639,325,2,15785.23,8.37
737,275,429,4,3469.73,6.4
738,409,162,1,16529.1,1.11
739,293,326,3,3926.5,30.74
740,681,177,4,20648.93,26.74
741,741,348,2,11393.0,13.41
742,210,230,2,16238.45,1.62
743,161,304,1,2275.28,37.99
744,514,306,3,32485.21,21.74
745,107,137,1,31646.48,21.49
746,925,251,2,16846.29,37.3
747,534,122,4,22321.12,34.81
748,742,184,3,17586.93,5.64
749,188,289,1,29758.74,10.12
750,524,158,5,19664.88,4.48
751,417,204,5,3695.32,27.63
752,563,3,2,3740.54,0.84
753,357,48,2,263.4,15.84
754,184,428,5,22168.44,0.08
755,631,469,5,13476.11,18.04
756,250,395,2,18230.7,8.27
757,874,413,2,14718.3,29.88
758,466,518,4,6127.64,4.35
759,206,192,5,6165.22,33.97
760,615,416,1,23570.41,37.52
761,494,7,1,17116.65,25.17
762,552,120,3,25756.14,5.1
763,516,307,3,13832.76,34.13
764,510,409,1,10405.16,6.03
765,783,167,3,15690.7,12.95
766,229,24,0,3799.52,17.77
767,643,406,5,12029.66,39.88
768,939,292,4,16238.4,10.2
769,78,296,2,14911.83,33.88
770,532,300,3,31096.04,21.46
771,547,11,3,20276.22,6.67
772,176,63,1,6170.37,18.35
773,558,194,5,15903.29,4.17
774,195,486,1,15060.02,32.59
775,876,458,1,29021.25,34.62
776,14,365,2,3170.51,15.62
777,18,302,3,21932.11,10.44
778,584,36,4,3539.6,26.15
779,647,259,4,6749.93,1.9
780,610,384,4,21311.29,38.19
781,40,323,2,16017.11,24.45
782,787,302,0,17308.72,9.44
783,31,229,3,9512.55,21.65
784,335,342,2,4364.69,19.56
785,224,70,5,31478.88,15.78
786,798,253,2,15655.21,6.28
787,570,355,3,15437.32,23.38
788,880,57,4,11414.23,19.57
789,54,236,1,8503.99,10.33
790,654,473,2,6703.24,29.27
791,595,237,5,1175.47,33.9
792,548,246,2,21987.11,3.33
793,534,70,2,4597.7,18.98
794,179,321,4,15890.14,22.19
795,456,525,4,10389.98,37.06
796,525,90,1,11810.38,7.52
797,454,406,2,5177.19,37.29
798,620,30,4,18370.82,38.87
799,115,349,5,5476.93,23.1
800,722,284,5,9176.29,36.18
801,527,380,3,12280.44,33.57
802,575,533,3,7906.69,13.14
803,531,76,5,23284.9,17.64
804,307,337,2,646.25,18.07
805,542,509,3,6546.61,31.6
806,164,541,4,993.77,7.29
807,771,55,5,10781.26,9.83
808,345,171,1,23068.53,36.68
809,456,227,1,18704.4,34.46
810,383,13,3,29880.54,0.83
811,685,82,2,5130.82,29.78
812,879,437,5,2703.93,25.85
813,61,336,3,1056.77,34.22
814,139,509,4,18509.49,13.73
815,776,215,4,14548.37,20.39
816,818,441,1,18469.76,39.02
817,649,500,4,10772.87,13.37
818,366,138,1,1567.89,15.72
819,246,388,2,20127.9,21.79
820,352,423,3,17782.65,32.29
821,108,307,4,22899.54,35.67
822,272,220,3,2937.22,26.77
823,147,278,2,17062.53,20.36
824,542,46,2,15228.37,37.06
825,412,285,5,16983.49,0.14
826,522,337,3,6771.88,14.02
827,465,123,4,13437.96,7.86
828,776,516,3,6611.31,1.4
829,67,240,2,5370.91,29.9
830,291,358,-4,21294.8,101.61
831,846,171,4,9104.33,5.11
832,269,462,2,17633.85,3.4
833,8,279,3,18517.33,27.61
834,221,317,3,13746.99,22.03
835,650,487,2,16761.76,18.62
836,400,148,5,19562.26,14.93
837,15,313,2,1083.12,21.34
838,442,174,4,14944.86,5.97
839,156,139,1,9048.28,9.46
840,370,99,0,999.2,18.59
841,140,36,5,2821.81,18.46
842,176,78,1,14066.62,22.65
843,508,418,-1,24331.93,12.65
844,508,314,2,11004.84,2.74
845,56,189,2,23088.41,11.73
846,96,18,1,2526.05,36.45
847,313,188,4,5632.51,7.21
848,641,308,1,18415.67,16.36
849,25,392,2,7527.87,27.68
850,109,441,1,4934.63,23.26
851,415,527,3,16660.03,35.4
852,130,25,4,12691.19,20.01
853,237,134,5,6476.4,4.38
854,308,207,4,23260.88,21.16
855,748,460,2,14745.36,11.14
856,41,10,1,4431.17,16.41
857,171,214,4,10325.96,34.65
858,3,465,1,23789.08,31.73
859,114,122,1,3329.93,31.13
860,3,507,1,3386.76,25.11
861,468,46,5,18632.0,23.09
862,555,436,3,23578.72,38.04
863,265,225,1,12470.95,32.64
864,122,379,2,9710.15,3.84
865,338,13,5,5723.96,38.91
866,209,257,2,14165.76,17.86
867,721,17,4,4546.02,2.15
868,724,296,1,15210.9,5.51
869,153,333,4,8788.36,20.03
870,479,466,3,4761.72,12.46
871,302,119,5,10083.75,38.02
872,72,33,3,2589.57,26.62
873,617,147,1,6650.56,2.15
874,31,71,2,16015.61,22.71
875,129,333,3,10416.93,0.46
876,835,148,3,6211.73,38.83
877,430,375,3,6631.77,4.28
878,762,432,2,7726.07,33.81
879,420,188,2,12034.12,29.98
880,4,157,4,13037.09,14.04
881,283,277,5,16119.19,16.35
882,301,112,1,1355.7,25.56
883,311,215,4,6877.44,5.02
884,315,259,4,18460.7,6.03
885,770,290,3,20359.47,0.69
886,91,151,1,2330.28,30.96
887,3,515,4,15911.64,27.09
888,742,19,5,10386.99,21.47
889,101,286,1,14368.81,35.13
890,744,5,1,16898.35,12.44
891,246,168,1,1394.54,20.21
892,716,92,5,1764.53,24.92
893,34,509,2,23151.65,32.53
894,604,160,5,12140.34,4.2
895,364,292,5,18773.92,28.87
896,652,449,5,5346.51,0.38
897,346,536,-1,25777.5,22.32
898,483,437,4,8837.19,9.07
899,707,394,5,14417.51,5.19
900,503,109,5,13896.86,9.07
901,8,513,3,7525.1,28.65
902,174,125,3,4977.96,8.53
903,39,484,4,5546.66,22.06
904,821,374,3,29587.13,4.74
905,899,398,1,17879.14,33.55
906,492,265,2,17223.43,37.64
907,161,296,2,16268.17,24.8
908,300,77,-2,25688.88,4.29
909,324,398,1,11115.71,2.85
910,414,93,2,6906.11,24.58
911,334,503,1,27350.82,19.95
912,828,114,4,7338.57,18.9
913,789,510,4,10363.47,3.94
914,350,165,2,14288.7,1.82
915,393,433,3,24076.42,29.53
916,480,126,3,12877.46,18.43
917,825,101,4,1839.65,9.2
918,315,516,-5,27040.71,17.69
919,723,541,2,19692.38,6.91
920,152,140,2,9011.14,39.88
921,669,214,2,28784.44,34.39
922,411,487,2,14659.54,35.72
923,417,240,1,13711.14,37.45
924,711,149,3,14310.0,13.87
925,592,10,1,6543.04,34.15
926,699,348,3,11836.05,18.95
927,163,186,1,7180.8,9.65
928,881,151,2,25687.12,2.39
929,109,110,4,25588.82,19.6
930,59,239,2,11741.07,4.56
931,180,185,0,5928.75,23.38
932,583,80,1,5885.3,10.65
933,560,83,1,21076.83,30.38
934,199,190,1,5351.2,37.65
935,470,286,3,5174.52,4.53
936,444,333,-5,18348.84,22.51
937,161,231,5,13590.95,22.0
938,718,228,4,20914.2,6.4
939,49,340,5,14518.88,33.22
940,465,383,5,13154.63,8.22
941,935,23,0,17361.77,29.93
942,559,80,1,6304.59,6.87
943,796,36,3,16449.67,1.3
944,178,69,3,5306.41,6.93
945,830,346,3,5676.18,4.54
946,816,214,1,16400.79,20.17
947,774,136,2,12370.82,9.85
948,551,276,5,25700.2,25.8
949,93,138,5,30467.3,30.05
950,121,68,4,9310.17,18.39
951,394,101,3,28212.08,36.07
952,186,434,1,4317.91,14.9
953,281,146,2,3284.11,36.71
954,636,546,4,21771.72,0.18
955,323,340,3,5999.83,4.24
956,326,51,2,6723.2,23.28
957,453,258,5,12230.23,18.65
958,158,194,5,10225.97,10.17
959,605,204,1,21438.27,19.71
960,160,59,2,20037.13,17.2
961,479,368,3,15520.1,35.34
962,544,415,5,15086.69,27.98
963,19,222,3,10018.33,23.38
964,653,359,3,3934.51,6.75
965,109,308,3,23628.02,25.43
966,566,167,5,22722.84,25.84
967,281,404,5,15119.59,31.52
968,711,54,0,27942.28,36.74
969,370,77,2,5059.62,25.88
970,779,475,2,3644.3,21.55
971,607,39,1,11636.48,0.85
972,288,224,4,11955.18,39.02
973,731,456,-1,13617.29,18.52
974,675,13,2,12171.79,34.69
975,812,399,3,18227.68,11.99
976,837,431,2,12003.62,26.34
977,771,439,2,25927.91,7.2
978,485,194,3,19510.51,0.79
979,715,509,2,1927.67,12.31
980,276,12,3,13144.54,15.55
981,896,43,5,13772.94,33.68
982,479,348,5,22757.78,2.53
983,896,329,3,8849.49,6.98
984,618,313,1,11769.7,21.35
985,664,469,1,6003.24,38.25
986,746,425,5,13493.28,38.52
987,135,377,4,23193.13,36.98
988,874,464,5,1791.89,24.36
989,713,395,-1,13679.34,13.38
990,242,436,4,7801.74,9.12
991,252,124,4,13333.3,8.44
992,139,84,2,8292.08,19.01
993,790,48,5,17589.4,8.72
994,770,516,4,19175.57,6.77
995,410,142,3,14431.39,33.93
996,121,412,1,2510.03,16.9
997,454,16,4,4565.85,30.5
998,830,550,2,18943.79,24.63
999,503,475,2,17659.21,35.34
1000,756,299,1,9341.58,12.32
1001,212,244,5,22757.56,9.38
1002,310,461,5,20609.58,14.35
1003,390,167,1,20516.83,113.66
1004,279,78,5,18876.43,31.45
1005,552,228,4,19202.32,15.45
1006,352,259,5,12515.43,36.12
1007,595,118,2,21055.06,147.03
1008,614,194,4,10909.18,35.19
1009,656,179,1,12343.17,21.15
1010,789,151,3,713.32,37.86
1011,676,430,3,2655.81,25.87
1012,434,416,1,20822.39,15.4
1013,16,180,5,21771.3,25.0
1014,432,260,3,16468.8,32.12
1015,535,147,4,20072.2,0.44
1016,674,470,2,24518.47,3.6
1017,10,386,3,7510.59,32.65
1018,949,361,3,7977.28,33.78
1019,716,286,3,11096.83,21.31
1020,249,463,3,29906.27,21.87
1021,255,439,3,2821.95,6.09
1022,413,318,5,3832.08,16.31
1023,497,170,2,13168.94,10.26
1024,578,418,1,13208.15,38.66
1025,354,254,5,21609.44,26.29
1026,770,192,4,11694.26,20.59
1027,800,258,3,28451.82,6.91
1028,833,130,3,2371.32,7.58
1029,905,69,3,13543.15,26.33
1030,313,122,2,4665.12,29.24
1031,529,153,4,1052.62,33.74
1032,336,12,4,7583.21,26.69
1033,727,437,1,24703.69,33.27
1034,820,35,3,27710.87,5.0
1035,878,3,0,16867.54,18.95
1036,419,298,5,21037.4,19.21
1037,7,199,3,2142.06,6.53
1038,634,509,4,5965.97,19.61
1039,359,342,4,4866.03,26.53
1040,763,195,5,11453.98,20.63
1041,189,455,3,13409.0,114.28
1042,548,482,2,309.37,2.63
1043,79,366,5,12277.98,1.36
1044,712,262,2,4196.94,3.14
1045,834,98,3,18483.4,21.78
1046,856,408,3,14263.89,26.76
1047,504,319,1,479.71,9.83
1048,320,154,3,16492.13,9.95
1049,824,245,2,20261.69,6.41
1050,841,547,4,18543.17,38.88
1051,156,212,2,22491.58,38.83
1052,740,22,4,8375.49,7.59
1053,520,44,4,28536.78,38.6
1054,43,289,1,22502.14,21.63
1055,81,49,2,14096.29,3.85
1056,820,163,2,22550.21,26.25
1057,322,492,4,8643.29,38.08
1058,809,455,5,6229.89,5.5
1059,297,498,1,13412.53,29.17
1060,418,238,4,319.28,30.36
1061,142,460,1,11605.45,5.19
1062,398,445,1,12752.69,15.73
1063,380,124,5,304.95,25.33
1064,222,374,5,794.87,32.22
1065,623,376,2,11221.18,18.4
1066,115,475,2,1254.65,24.93
1067,835,45,3,23809.99,10.93
1068,766,17,5,3803.39,13.18
1069,124,290,5,26031.37,21.18
1070,408,507,2,10632.63,27.43
1071,717,434,1,3067.0,4.1
1072,11,65,2,9169.88,16.24
1073,374,93,3,19219.53,2.71
1074,829,310,4,4010.75,22.88
1075,252,375,3,17305.45,28.39
1076,697,538,4,21599.02,18.41
1077,545,241,3,20668.91,8.59
1078,331,480,4,289.18,18.4
1079,191,103,4,24247.08,3.55
1080,168,491,3,16317.79,7.59
1081,699,137,5,14117.7,10.36
1082,782,192,4,14426.21,18.41
1083,450,145,2,7307.12,8.95
1084,245,234,1,19186.25,39.66
1085,180,153,3,19419.09,19.79
1086,10,130,4,22704.97,3.36
1087,59,227,4,12399.96,24.37
1088,4,443,4,26429.54,8.54
1089,743,519,2,12604.02,8.73
1090,35,371,4,216.05,1.13
1091,388,87,3,19312.6,20.14
1092,39,445,3,17617.2,19.84
1093,777,441,2,26897.72,14.85
1094,15,414,2,20770.8,20.33
1095,815,214,4,10814.94,17.91
1096,223,80,5,20386.73,33.55
1097,724,213,1,19634.75,12.6
1098,427,391,4,5786.82,29.81
1099,104,107,5,16668.56,21.35
1100,296,168,3,10242.47,27.99
1101,198,166,5,22526.29,19.91
1102,733,132,5,3451.38,20.54
1103,539,51,4,10149.09,38.9
1104,79,550,2,15936.12,25.7
1105,278,198,3,26041.95,24.94
1106,555,52,1,25795.14,17.79
1107,61,327,2,10007.44,5.3
1108,701,368,3,10863.0,20.91
1109,361,346,2,14614.3,0.23
1110,829,262,5,9702.6,2.3
1111,158,304,3,9881.35,30.79
1112,821,239,2,16502.11,21.38
1113,841,306,1,1643.19,38.33
1114,275,50,2,9441.68,6.93
1115,754,13,1,7831.22,11.12
1116,444,499,5,13032.86,33.79
1117,280,306,2,13239.23,14.5
1118,44,15,3,14579.42,27.65
1119,511,47,2,14244.16,35.53
1120,946,93,5,20450.94,34.88
1121,544,320,2,4477.24,33.66
1122,233,117,4,18098.63,21.3
1123,69,513,4,5737.76,27.47
1124,742,284,5,17866.02,34.95
1125,431,386,2,22001.99,1.25
1126,775,455,4,19810.84,37.12
1127,3,95,2,3142.11,38.66
1128,543,371,1,12259.64,11.8
1129,577,472,5,7336.99,37.34
1130,226,234,1,23944.33,23.17
1131,848,459,1,5954.39,39.14
1132,566,431,4,21714.36,28.13
1133,322,464,5,21185.11,34.6
1134,474,523,3,10452.97,24.1
1135,781,421,4,12087.85,8.4
1136,24,185,1,15202.53,6.04
1137,647,103,-5,18425.79,29.53
1138,581,138,5,16298.58,26.23
1139,28,122,-4,12773.23,28.61
1140,601,230,4,21827.87,5.76
1141,724,46,4,18881.47,18.16
1142,336,347,5,24835.57,29.18
1143,457,224,4,14564.9,30.64
1144,338,96,1,10051.41,17.6
1145,633,522,2,10395.29,11.21
1146,108,157,3,23455.54,38.04
1147,664,547,1,21667.15,17.76
1148,762,238,4,25900.76,17.86
1149,310,301,3,12143.8,10.54
1150,780,138,4,12628.24,11.93
1151,492,464,4,15165.63,4.76
1152,165,214,2,23493.94,20.36
1153,140,233,1,4021.39,28.21
1154,308,399,3,12316.8,29.55
1155,478,126,3,4620.42,18.84
1156,648,118,5,24645.04,25.08
1157,901,294,2,18159.55,26.58
1158,102,262,3,22441.9,15.46
1159,209,549,4,22514.41,5.14
1160,681,357,2,32500.92,1.15
1161,768,464,5,11287.25,4.66
1162,615,247,4,18296.89,0.06
1163,831,276,1,28376.2,5.12
1164,558,17,2,10799.3,22.15
1165,885,28,1,8103.79,11.04
1166,217,144,3,28614.54,15.82
1167,386,366,1,2226.56,30.06
1168,659,450,5,12612.18,30.32
1169,160,332,1,16466.41,8.65
1170,184,278,3,24455.48,39.15
1171,700,308,5,15555.56,21.34
1172,247,494,1,2213.37,15.12
1173,850,325,3,12270.43,31.27
1174,138,436,1,14351.58,11.42
1175,199,250,5,11781.6,2.39
1176,212,107,3,13935.64,9.15
1177,16,328,5,16728.46,1.81
1178,132,439,4,4721.87,21.92
1179,673,55,1,9467.86,28.27
1180,56,20,5,27149.33,25.88
1181,851,38,3,9119.47,31.53
1182,78,211,5,28735.58,39.32
1183,532,134,2,20170.77,1.26
1184,181,78,4,16880.87,38.44
1185,213,530,3,9496.02,7.7
1186,120,342,2,15266.55,13.42
1187,312,271,4,331.81,24.38
1188,441,465,3,7397.95,32.41
1189,485,238,2,15926.49,25.48
1190,855,68,3,19821.42,39.27
1191,783,427,2,22689.68,25.58
1192,273,453,3,9149.26,23.26
1193,278,418,4,13077.86,9.33
1194,650,398,5,24035.01,9.99
1195,607,429,1,23471.21,25.64
1196,763,440,2,8000.57,26.37
1197,592,80,1,16870.82,11.84
1198,363,91,5,14696.03,31.26
1199,24,5,2,27788.28,18.86
1200,281,396,4,27428.87,36.15
1201,588,453,2,20058.09,15.93
1202,332,353,2,21722.86,25.31
1203,211,308,2,16845.54,29.92
1204,405,393,3,19591.05,39.74
1205,581,224,5,13918.11,1.02
1206,615,411,1,1060.73,14.0
1207,253,279,3,5589.22,30.17
1208,682,47,4,3387.89,27.43
1209,559,39,3,13087.24,2.85
1210,258,86,1,18454.05,11.32
1211,49,428,2,13980.45,21.19
1212,414,125,1,9965.93,24.83
1213,789,62,5,3801.37,12.09
1214,203,103,1,22055.64,26.85
1215,557,119,1,18570.45,34.21
1216,139,476,1,4195.81,33.9
1217,5,471,5,27085.87,11.57
1218,307,523,4,11294.31,37.18
1219,390,512,4,1088.15,22.16
1220,114,357,4,3861.73,11.45
1221,50,190,2,17271.82,13.26
1222,417,77,3,15365.71,7.02
1223,649,283,4,16633.95,28.3
1224,368,379,5,1430.34,37.99
1225,644,517,3,9135.02,26.54
1226,150,371,2,3638.69,18.23
1227,27,282,1,14569.08,3.32
1228,925,525,5,21069.6,34.45
1229,828,279,-1,20499.07,32.51
1230,824,114,4,11279.39,18.87
1231,892,14,2,4488.2,5.92
1232,483,280,2,842.79,24.24
1233,744,119,3,3592.57,9.13
1234,356,544,3,4886.37,37.75
1235,928,42,3,16103.95,26.6
1236,476,295,1,10052.91,34.06
1237,730,98,2,25395.09,34.86
1238,269,180,5,12094.76,29.31
1239,523,26,5,27211.84,30.24
1240,233,456,5,15005.89,3.89
1241,246,505,4,29976.49,32.57
1242,607,441,1,23675.96,23.04
1243,51,50,3,9895.72,32.04
1244,431,148,2,10760.67,17.76
1245,96,226,4,4266.41,23.51
1246,525,276,4,9951.19,6.43
1247,793,145,2,6231.61,0.37
1248,179,339,-5,7909.79,3.2
1249,895,30,1,15214.07,18.34
1250,855,219,-4,23615.41,14.76
1251,148,451,3,2939.13,7.25
1252,143,93,2,10573.09,33.13
1253,102,182,2,15392.79,1.06
1254,368,6,5,25803.55,24.16
1255,130,545,1,1609.24,9.23
1256,842,250,2,13646.18,26.86
1257,634,350,5,5016.76,0.08
1258,386,378,3,13181.15,11.23
1259,615,353,4,8861.76,35.94
1260,223,78,2,19226.48,25.1
1261,386,362,3,7012.46,31.29
1262,630,439,1,10737.57,38.96
1263,353,89,4,18384.17,2.68
1264,664,252,5,3494.18,31.89
1265,117,210,5,16020.38,15.46
1266,139,530,4,11643.93,6.21
1267,663,198,4,12781.54,3.33
1268,30,153,2,17578.31,36.33
1269,720,390,2,24695.54,23.98
1270,130,423,5,17349.91,26.36
1271,74,32,3,24736.17,5.58
1272,824,378,4,4862.08,17.8
1273,148,375,3,14664.46,38.49
1274,322,437,4,6816.16,10.41
1275,286,323,5,13048.29,4.81
1276,424,56,5,4817.54,37.15
1277,785,23,4,21492.22,7.17
1278,599,448,3,3767.34,5.54
1279,673,7,1,13591.3,11.71
1280,354,54,5,7962.03,14.94
1281,209,148,5,29506.17,18.11
1282,198,405,2,1917.78,27.95
1283,785,533,1,22852.49,8.79
1284,5,531,2,1364.07,1.08
1285,275,463,3,6494.2,8.14
1286,391,88,5,21851.2,21.61
1287,922,380,3,4593.85,17.39
1288,287,221,1,22353.8,10.46
1289,845,544,1,10605.43,11.67
1290,726,37,5,15750.32,20.96
1291,654,78,3,15355.0,13.94
1292,854,328,5,8015.76,20.6
1293,52,459,5,8553.53,16.13
1294,861,106,5,23268.86,37.09
1295,621,529,5,3743.17,28.07
1296,435,450,5,21242.32,22.75
1297,754,29,2,18171.64,2.63
1298,550,154,2,9306.78,2.68
1299,253,164,2,4374.83,23.73
1300,676,194,4,21661.2,13.41
1301,436,528,4,331.06,32.59
1302,162,262,4,16226.16,17.2
1303,654,245,1,8932.72,20.71
1304,558,9,0,3838.52,36.64
1305,784,119,5,10555.81,38.01
1306,779,2,2,12305.95,19.23
1307,906,298,2,5428.23,28.65
1308,695,97,3,30478.0,32.87
1309,855,445,4,9669.89,23.3
1310,409,241,4,12299.0,24.38
1311,798,142,1,9740.26,6.46
1312,389,91,3,3793.59,8.01
1313,779,432,5,14406.31,14.47
1314,117,71,5,2663.45,13.15
1315,849,214,-4,17089.25,5.38
1316,865,520,3,8873.2,36.74
1317,212,259,1,2520.28,22.82
1318,728,24,4,26468.54,11.35
1319,94,146,4,19418.15,16.31
1320,552,36,5,277.93,19.92
1321,753,18,-2,18710.58,1.99
1322,604,208,3,29164.99,19.82
1323,660,206,2,7037.62,16.83
1324,92,455,1,6653.33,21.05
1325,920,286,5,7341.45,25.75
1326,557,269,5,1684.27,2.02
1327,649,525,4,20223.07,15.76
1328,85,311,2,27046.57,2.67
1329,715,91,4,21053.89,36.45
1330,358,208,2,14447.24,0.33
1331,634,239,2,18145.7,4.99
1332,418,101,3,11882.72,4.15
1333,491,539,2,7945.75,38.33
1334,683,412,1,10669.85,31.04
1335,163,200,4,18752.53,27.65
1336,407,451,4,20421.09,7.49
1337,1,489,5,8915.41,22.62
1338,156,379,5,30717.15,1.0
1339,545,112,1,25365.23,37.65
1340,800,361,4,19217.89,2.8
1341,360,41,5,11345.34,4.57
1342,668,536,-1,21471.51,10.48
1343,575,145,4,665.37,1.99
1344,19,506,2,15334.53,25.75
1345,586,194,1,4393.61,13.79
1346,216,201,-5,10521.86,1.67
1347,140,463,2,20645.13,16.94
1348,481,284,3,17185.43,13.07
1349,680,505,3,22642.71,36.33
1350,371,440,3,12626.34,13.21
1351,550,204,4,8535.84,7.95
1352,576,427,2,20196.39,26.2
1353,222,472,4,18016.28,9.61
1354,538,224,5,12195.5,6.36
1355,665,33,2,22124.53,39.87
1356,782,276,3,4709.81,39.78
1357,170,201,1,17188.31,6.89
1358,714,354,2,9484.47,5.68
1359,936,136,1,10760.71,22.36
1360,922,67,1,5241.51,3.77
1361,476,81,2,10543.48,24.82
1362,743,411,1,22208.53,23.04
1363,472,114,2,20128.81,15.21
1364,537,83,2,8389.21,27.08
1365,775,81,1,8918.72,25.03
1366,312,428,3,20826.76,27.55
1367,191,144,1,32045.28,17.69
1368,684,436,4,4166.16,28.88
1369,104,402,-4,15024.02,4.74
1370,604,241,1,885.69,24.14
1371,613,194,1,16161.04,2.37
1372,841,288,4,23819.96,4.0
1373,848,299,5,2845.06,20.08
1374,59,180,5,4709.73,14.65
1375,244,66,3,4220.99,14.84
1376,340,208,1,25072.12,7.76
1377,255,161,5,19448.52,3.38
1378,600,479,1,16954.01,0.63
1379,400,438,3,2655.54,8.55
1380,630,253,1,2709.35,32.8
1381,78,141,4,945.87,31.12
1382,699,83,1,21659.55,34.02
1383,202,534,3,9152.34,139.03
1384,507,324,1,1693.09,12.39
1385,464,211,1,17576.04,10.89
1386,702,518,3,17384.34,28.44
1387,78,250,5,7636.09,2.87
1388,385,371,5,17293.66,3.94
1389,178,125,5,11908.2,3.07
1390,653,491,4,3136.04,22.61
1391,756,189,1,9216.4,28.26
1392,24,468,1,20326.01,31.22
1393,248,107,3,14095.11,26.17
1394,924,312,1,6900.94,23.37
1395,373,465,4,15956.71,13.54
1396,81,145,4,16185.87,27.52
1397,247,225,4,25972.02,30.6
1398,382,48,2,17184.36,33.84
1399,144,181,3,24265.7,12.08
1400,210,306,1,17993.45,2.86
1401,688,213,2,24144.1,24.04
1402,426,523,1,12876.14,15.08
1403,23,234,5,5879.6,0.12
1404,233,117,1,23137.4,7.24
1405,172,387,1,8269.8,11.21
1406,703,532,1,11260.39,5.13
1407,90,492,4,21409.97,37.84
1408,459,59,5,15398.52,19.08
1409,890,365,4,27342.41,34.15
1410,98,321,5,5669.76,104.77
1411,250,361,4,9919.89,23.86
1412,183,520,4,19805.57,24.35
1413,588,402,2,16382.27,23.6
1414,171,357,1,23039.78,0.52
1415,700,248,1,2747.62,27.64
1416,629,58,3,14498.44,33.92
1417,689,432,3,11388.31,31.06
1418,841,224,5,24569.48,33.23
1419,158,189,3,1902.8,4.23
1420,160,187,3,3394.49,35.92
1421,416,213,1,8016.95,22.86
1422,569,482,2,439.78,31.04
1423,534,372,3,21645.78,26.02
1424,594,181,2,18529.89,1.28
1425,472,69,2,16646.36,37.03
1426,221,232,4,3836.87,1.15
1427,12,97,2,28356.94,25.85
1428,538,445,2,18324.36,26.95
1429,15,278,5,17379.51,11.61
1430,685,422,3,7943.74,14.71
1431,94,292,5,324.24,13.45
1432,507,138,5,8030.57,35.89
1433,333,73,5,14106.56,7.16
1434,205,179,3,998.49,23.12
1435,392,356,4,4137.19,16.94
1436,551,17,5,24183.32,25.0
1437,813,182,3,10568.83,34.35
1438,193,264,2,22402.32,20.7
1439,380,371,5,13881.08,10.18
1440,180,461,5,8464.92,37.79
1441,349,536,1,20095.16,38.96
1442,383,433,4,22194.34,9.95
1443,215,536,1,3054.7,13.13
1444,39,292,5,28689.68,20.35
1445,626,468,4,12180.34,18.0
1446,718,451,1,27927.57,17.33
1447,83,106,2,23874.75,38.06
1448,492,433,4,24403.8,26.1
1449,703,213,4,7086.32,35.47
1450,377,18,4,8326.53,35.32
1451,801,271,5,27147.67,13.73
1452,815,128,1,19877.98,23.51
1453,35,503,3,23090.85,34.37
1454,177,295,3,7233.1,25.17
1455,777,87,5,4743.04,7.83
1456,82,214,2,16738.24,24.04
1457,302,537,5,11941.51,34.73
1458,487,260,2,10574.51,2.06
1459,289,239,5,15937.53,23.91
1460,74,49,2,19155.55,27.19
1461,226,424,4,5842.46,18.44
1462,398,501,4,28836.47,1.65
1463,272,343,3,18965.37,26.0
1464,363,246,4,26112.83,35.13
1465,477,479,4,12323.23,6.01
1466,316,213,3,4579.44,12.68
1467,603,382,1,20802.17,34.04
1468,744,342,2,28323.35,13.74
1469,433,33,3,12143.14,34.6
1470,688,252,1,2420.06,39.98
1471,599,409,3,16142.13,24.0
1472,83,284,1,20611.26,8.6
1473,79,524,3,17734.21,3.72
1474,1,151,4,25267.38,26.85
1475,17,70,2,12945.18,24.02
1476,169,18,-2,22685.52,28.17
1477,859,69,2,1443.09,36.59
1478,91,93,4,13380.59,18.04
1479,751,336,3,268.89,34.59
1480,289,85,2,23463.34,20.18
1481,766,93,4,3430.75,34.58
1482,376,429,-2,29417.39,14.96
1483,548,122,3,17475.63,21.09
1484,617,78,5,29336.0,23.09
1485,568,354,3,11783.23,35.48
1486,183,94,2,26827.23,8.81
1487,734,266,1,8726.19,2.6
1488,622,248,2,19565.05,27.57
1489,868,198,5,11742.72,2.53
1490,90,56,4,12304.64,13.29
1491,329,103,2,3080.93,0.41
1492,632,443,4,11001.9,26.55
1493,820,417,3,3480.56,38.95
1494,879,106,3,13039.8,12.27
1495,108,540,4,26241.88,24.63
1496,164,129,2,11529.61,21.42
1497,86,391,4,28104.17,6.82
1498,32,236,3,399.98,28.34
1499,819,162,3,15990.73,22.05
1500,48,196,4,3798.16,13.58
1501,126,525,3,10955.97,36.04
1502,823,30,2,1158.84,15.98
1503,852,409,1,13667.15,12.02
1504,622,518,1,24462.99,34.82
1505,402,138,3,8493.67,15.56
1506,573,244,5,15174.22,35.2
1507,399,91,1,1007.3,37.1
1508,819,458,0,9270.57,11.18
1509,82,263,-5,23325.74,8.29
1510,534,125,3,7567.7,38.03
1511,829,96,1,19880.6,17.62
1512,419,9,1,12575.4,8.84
1513,262,390,5,24028.99,29.93
1514,153,163,2,24278.35,26.5
1515,169,448,1,7055.7,8.73
1516,527,508,5,11362.25,33.27
1517,626,334,3,9113.23,19.19
1518,487,338,1,25856.13,3.25
1519,163,66,5,29235.86,18.29
1520,299,121,4,23905.74,6.26
1521,634,367,3,2438.53,16.25
1522,447,52,1,20529.65,23.95
1523,212,88,5,25935.13,4.41
1524,336,221,2,13515.58,5.05
1525,679,51,4,8700.6,22.71
1526,824,6,5,6602.95,31.75
1527,875,498,2,8937.18,31.78
1528,355,448,3,10814.82,9.8
1529,274,405,4,24927.54,5.44
1530,874,358,5,21556.87,27.63
1531,757,366,2,29747.36,1.7
1532,740,143,2,19180.69,26.94
1533,163,296,4,15871.43,14.83
1534,3,103,5,19318.15,19.22
1535,67,315,3,2943.25,27.1
1536,170,251,1,18690.83,21.66
1537,660,38,5,8806.44,17.37
1538,371,443,5,6368.08,8.41
1539,674,273,3,289.57,6.99
1540,880,369,4,10054.33,9.64
1541,478,235,1,14466.02,37.99
1542,630,178,2,12402.78,26.37
1543,375,500,5,24041.75,8.93
1544,403,376,3,5071.77,12.56
1545,358,371,5,27711.06,19.44
1546,101,121,4,8339.22,36.4
1547,421,19,2,230.26,38.49
1548,258,501,5,29792.45,28.65
1549,826,43,2,9539.66,13.97
1550,222,398,3,4331.72,1.48
1551,80,393,5,20219.58,1.57
1552,810,322,5,15899.72,28.03
1553,408,435,2,17810.58,23.13
1554,694,540,2,22891.23,9.61
1555,47,237,4,30479.68,8.58
1556,840,318,2,20895.06,7.58
1557,651,424,5,12884.47,26.89
1558,840,12,3,26463.48,28.14
1559,468,400,2,25940.57,17.48
1560,526,271,3,14351.55,16.6
1561,820,130,5,2814.85,17.17
1562,201,85,2,26743.71,6.66
1563,600,404,5,29346.89,33.72
1564,777,325,3,4561.63,36.59
1565,79,88,1,16470.77,26.63
1566,461,103,1,19385.19,8.24
1567,222,83,4,20892.21,21.48
1568,687,62,1,10777.14,20.89
1569,114,299,2,21059.73,124.6
1570,495,243,-5,30281.14,26.6
1571,387,427,5,1668.64,26.17
1572,97,106,1,18100.1,20.65
1573,834,411,1,15868.16,6.47
1574,440,237,1,19865.05,1.48
1575,21,16,3,17904.31,38.61
1576,134,383,1,2128.22,27.31
1577,103,341,5,5988.69,38.18
1578,69,144,4,18378.34,13.64
1579,434,238,1,399.0,14.67
1580,377,371,5,291.65,33.57
1581,823,354,1,17275.72,10.15
1582,898,194,1,11944.61,30.61
1583,339,465,5,17844.83,0.48
1584,505,311,4,19702.89,13.82
1585,260,329,-4,5573.59,15.69
1586,459,447,3,15118.1,30.56
1587,10,466,2,17596.17,26.24
1588,685,431,1,5622.69,9.45
1589,740,120,3,27137.76,35.85
1590,310,223,5,23335.55,28.04
1591,555,369,3,1834.07,33.81
1592,736,485,4,25819.94,4.3
1593,602,467,3,12924.77,13.66
1594,397,11,2,21973.75,37.73
1595,265,187,4,12699.37,16.67
1596,666,454,4,15653.89,37.26
1597,468,148,3,21308.66,8.2
1598,509,57,2,26337.24,36.91
1599,778,417,3,22230.1,16.78
1600,669,147,3,1374.35,27.38
1601,604,387,3,963.96,16.05
1602,265,402,1,13552.78,5.22
1603,144,392,1,1275.51,19.3
1604,272,533,5,3521.19,31.19
1605,263,310,3,15136.24,113.13
1606,374,458,1,17950.06,38.05
1607,29,493,1,18801.17,5.2
1608,96,135,3,21752.73,36.9
1609,484,258,4,22116.23,19.88
1610,825,402,3,16639.37,32.7
1611,118,43,2,7597.19,101.22
1612,500,4,1,14359.6,27.24
1613,501,70,3,3072.48,11.02
1614,276,416,2,10755.67,29.59
1615,585,350,3,11947.27,34.71
1616,556,244,2,4424.22,14.9
1617,222,158,1,23268.98,34.58
1618,411,8,3,14002.01,20.01
1619,46,133,5,3509.89,33.88
1620,586,153,1,8222.58,28.95
1621,461,106,3,12893.21,30.16
1622,647,86,3,15891.22,33.69
1623,169,318,4,32882.19,12.11
1624,307,530,4,20049.04,6.34
1625,244,461,2,11304.37,39.07
1626,662,351,4,10026.95,10.32
1627,638,416,5,3587.58,34.68
1628,872,232,5,13980.82,33.4
1629,547,52,3,17839.55,34.57
1630,10,416,4,22748.0,19.12
1631,798,237,2,8920.0,6.15
1632,779,478,3,8064.62,2.35
1633,728,337,4,13053.49,12.43
1634,807,338,1,6598.42,5.03
1635,755,331,3,27950.52,25.49
1636,701,21,4,27093.88,3.3
1637,171,208,2,389.16,31.17
1638,577,320,1,10166.88,17.29
1639,463,291,2,1357.22,12.72
1640,255,373,5,13821.78,28.21
1641,275,284,2,14763.34,9.25
1642,218,228,5,11909.88,27.56
1643,203,255,5,8233.81,0.79
1644,859,488,1,5267.44,12.41
1645,23,46,5,5900.13,18.35
1646,75,375,2,23797.56,3.83
1647,333,280,4,15931.6,38.65
1648,664,382,3,5221.74,2.85
1649,135,256,5,18735.23,19.45
1650,751,261,3,10470.82,29.72
1651,71,125,4,16370.23,34.33
1652,402,18,2,13248.46,25.98
1653,441,443,4,15763.76,26.85
1654,950,395,1,1676.26,12.51
1655,368,433,4,4646.24,3.09
1656,518,99,5,13558.74,36.66
1657,751,40,2,14613.31,20.03
1658,401,549,4,14588.71,4.56
1659,91,391,3,1049.15,1.83
1660,410,160,5,14646.29,7.04
1661,161,470,5,14944.93,34.59
1662,431,51,4,16675.07,28.48
1663,619,355,5,21822.07,39.55
1664,623,446,4,1077.79,15.5
1665,528,436,4,2653.74,13.51
1666,442,92,5,25483.04,8.29
1667,641,355,2,14100.49,28.79
1668,777,102,2,17529.21,19.28
1669,705,158,1,11489.57,16.63
1670,106,60,1,1034.37,32.72
1671,303,214,1,26069.03,1.46
1672,508,14,4,9273.06,5.4
1673,813,229,2,2133.59,2.38
1674,630,423,2,11009.41,38.95
1675,278,387,4,11979.84,27.73
1676,345,294,3,2874.87,6.64
1677,392,532,4,18730.36,4.08
1678,45,13,1,22301.79,6.64
1679,423,540,1,3744.04,33.99
1680,790,486,5,8595.25,31.99
1681,331,153,3,6370.62,5.79
1682,558,43,2,7242.43,18.46
1683,76,125,1,20990.76,6.1
1684,807,95,2,14875.33,15.33
1685,582,388,1,24718.41,32.17
1686,693,47,3,6965.55,22.09
1687,81,107,2,21321.84,4.43
1688,351,320,2,237.77,17.8
1689,515,103,1,9642.9,1.91
1690,838,400,5,8723.95,4.18
1691,486,275,2,1284.25,18.9
1692,220,4,4,15249.17,23.22
1693,236,415,1,3203.34,38.79
1694,925,47,1,23887.9,32.36
1695,407,97,1,6881.73,24.1
1696,232,476,4,15094.39,11.24
1697,898,253,5,12322.75,20.35
1698,110,228,1,13234.5,18.74
1699,321,106,3,9939.62,32.63
1700,76,175,5,20505.56,2.08
1701,275,233,1,10760.46,13.37
1702,682,166,3,8996.96,39.4
1703,112,57,1,21843.79,14.41
1704,712,115,5,13113.25,39.2
1705,629,438,4,9265.68,8.66
1706,159,358,4,26113.5,36.73
1707,386,95,2,13475.91,19.17
1708,81,400,2,24458.44,4.97
1709,35,129,3,7224.13,19.11
1710,735,380,2,5961.59,32.46
1711,403,336,2,24010.74,23.84
1712,6,102,2,25631.88,26.46
1713,405,338,5,13680.94,5.05
1714,178,57,-1,2553.52,31.35
1715,335,527,4,5611.96,7.7
1716,90,311,1,5896.54,20.48
1717,385,415,5,22296.64,38.0
1718,202,478,2,22732.25,10.5
1719,251,142,4,1712.03,38.78
1720,74,408,5,2789.61,0.84
1721,125,424,1,3905.85,28.71
1722,120,68,4,16089.87,7.57
1723,474,234,1,21155.47,31.26
1724,352,180,5,23566.1,32.2
1725,617,191,5,4261.8,22.71
1726,630,440,3,24926.49,11.14
1727,748,227,5,20713.14,4.65
1728,264,357,-5,9241.49,19.16
1729,676,491,1,16120.55,27.94
1730,54,242,3,25797.18,0.63
1731,120,549,4,9486.73,5.83
1732,180,467,3,7858.87,38.06
1733,816,150,5,8464.04,34.11
1734,463,13,1,21826.15,8.66
1735,541,299,3,5070.03,34.51
1736,165,521,1,1161.27,14.46
1737,592,176,3,28648.42,20.45
1738,41,362,5,13345.29,25.47
1739,298,303,2,19084.89,0.26
1740,482,215,1,22293.56,19.6
1741,335,373,5,849.52,13.28
1742,34,178,5,10180.78,10.24
1743,49,542,-4,3791.33,5.16
1744,723,210,3,13103.22,25.59
1745,446,406,2,9934.43,34.58
1746,433,212,4,511.87,18.85
1747,261,5,3,12310.91,3.98
1748,560,147,3,11731.24,29.15
1749,423,19,2,374.97,11.83
1750,826,167,5,3874.27,29.23
1751,382,516,2,1739.21,31.73
1752,198,314,4,26173.96,36.85
1753,415,119,3,3716.65,23.83
1754,795,55,3,16305.03,33.39
1755,42,368,4,28664.95,38.77
1756,547,317,-5,13877.66,18.84
1757,135,374,2,19061.26,38.38
1758,186,91,3,21760.42,17.8
1759,193,147,5,12568.71,28.35
1760,257,544,1,24137.27,21.98
1761,40,207,1,20086.34,38.57
1762,535,73,4,15333.35,7.83
1763,520,400,5,16415.7,0.28
1764,759,130,2,23883.56,30.2
1765,649,534,3,6728.81,36.49
1766,767,525,5,16806.94,5.82
1767,668,9,3,1690.24,18.7
1768,482,305,5,22810.1,24.47
1769,321,175,3,14004.41,4.41
1770,139,112,3,29813.17,30.74
1771,32,338,3,20617.99,36.78
1772,653,373,5,26608.32,24.24
1773,322,388,2,15066.12,16.67
1774,317,454,2,6366.37,19.55
1775,101,324,4,25460.71,35.21
1776,658,514,4,5076.34,23.35
1777,14,45,2,10302.71,13.6
1778,230,322,2,13900.41,15.7
1779,728,132,1,4654.05,10.5
1780,494,322,3,18284.5,35.45
1781,712,200,1,6756.43,1.64
1782,317,256,3,5504.58,31.97
1783,612,449,2,10087.66,31.43
1784,106,28,2,18244.13,21.64
1785,304,349,5,10671.09,0.17
1786,53,320,4,25523.13,0.26
1787,222,421,2,1439.47,7.67
1788,533,435,2,4836.05,26.43
1789,577,107,2,803.09,14.98
1790,621,58,-4,4186.26,38.25
1791,869,392,3,21145.12,23.97
1792,76,75,2,19574.16,32.72
1793,162,492,4,5014.18,4.5
1794,178,475,1,6362.32,5.04
1795,287,456,1,16886.27,12.97
1796,561,27,1,23418.6,27.72
1797,172,332,5,8342.91,10.35
1798,602,272,-4,17291.35,32.74
1799,712,507,3,7180.09,18.12
1800,550,470,-4,15024.02,24.24
109,670,195,3,26766.51,32.94
889,101,286,1,14368.81,35.13
177,945,550,1,4534.78,35.94
292,560,53,1,8518.15,31.79
1260,223,78,2,19226.48,25.1
1053,520,44,4,28536.78,38.6
1025,354,254,5,21609.44,26.29
1243,51,50,3,9895.72,32.04
